{
	"start":	{
		"connected":	[{
				"socket":	5,
				"local_host":	"192.168.128.3",
				"local_port":	60466,
				"remote_host":	"192.168.128.2",
				"remote_port":	5201
			}],
		"version":	"iperf 3.12",
		"system_info":	"Darwin laputa.local 22.2.0 Darwin Kernel Version 22.2.0: Fri Nov 11 02:04:44 PST 2022; root:xnu-8792.61.2~4/RELEASE_ARM64_T8103 arm64",
		"timestamp":	{
			"time":	"Tue, 06 Jun 2023 23:58:28 UTC",
			"timesecs":	1686095908
		},
		"connecting_to":	{
			"host":	"192.168.128.2",
			"port":	5201
		},
		"cookie":	"imjbqox2qfz7sspdlyrn2rndzbsud42yf3kf",
		"tcp_mss_default":	1448,
		"target_bitrate":	0,
		"sock_bufsize":	0,
		"sndbuf_actual":	131072,
		"rcvbuf_actual":	131072,
		"test_start":	{
			"protocol":	"TCP",
			"num_streams":	1,
			"blksize":	131072,
			"omit":	0,
			"duration":	10,
			"bytes":	0,
			"blocks":	0,
			"reverse":	0,
			"tos":	0,
			"target_bitrate":	0
		}
	},
	"intervals":	[{
			"streams":	[{
					"socket":	5,
					"start":	0,
					"end":	1.002352,
					"seconds":	1.0023519992828369,
					"bytes":	58793232,
					"bits_per_second":	469242198.68521553,
					"omitted":	false,
					"sender":	true
				}],
			"sum":	{
				"start":	0,
				"end":	1.002352,
				"seconds":	1.0023519992828369,
				"bytes":	58793232,
				"bits_per_second":	469242198.68521553,
				"omitted":	false,
				"sender":	true
			}
		}, {
			"streams":	[{
					"socket":	5,
					"start":	1.002352,
					"end":	2.000239,
					"seconds":	0.9978870153427124,
					"bytes":	48990184,
					"bits_per_second":	392751349.5757826,
					"omitted":	false,
					"sender":	true
				}],
			"sum":	{
				"start":	1.002352,
				"end":	2.000239,
				"seconds":	0.9978870153427124,
				"bytes":	48990184,
				"bits_per_second":	392751349.5757826,
				"omitted":	false,
				"sender":	true
			}
		}, {
			"streams":	[{
					"socket":	5,
					"start":	2.000239,
					"end":	3.002264,
					"seconds":	1.0020250082015991,
					"bytes":	41107272,
					"bits_per_second":	328193581.30614287,
					"omitted":	false,
					"sender":	true
				}],
			"sum":	{
				"start":	2.000239,
				"end":	3.002264,
				"seconds":	1.0020250082015991,
				"bytes":	41107272,
				"bits_per_second":	328193581.30614287,
				"omitted":	false,
				"sender":	true
			}
		}, {
			"streams":	[{
					"socket":	5,
					"start":	3.002264,
					"end":	4.003076,
					"seconds":	1.00081205368042,
					"bytes":	34560376,
					"bits_per_second":	276258671.12936151,
					"omitted":	false,
					"sender":	true
				}],
			"sum":	{
				"start":	3.002264,
				"end":	4.003076,
				"seconds":	1.00081205368042,
				"bytes":	34560376,
				"bits_per_second":	276258671.12936151,
				"omitted":	false,
				"sender":	true
			}
		}, {
			"streams":	[{
					"socket":	5,
					"start":	4.003076,
					"end":	5.001829,
					"seconds":	0.998753011226654,
					"bytes":	15220112,
					"bits_per_second":	121912920.04261898,
					"omitted":	false,
					"sender":	true
				}],
			"sum":	{
				"start":	4.003076,
				"end":	5.001829,
				"seconds":	0.998753011226654,
				"bytes":	15220112,
				"bits_per_second":	121912920.04261898,
				"omitted":	false,
				"sender":	true
			}
		}, {
			"streams":	[{
					"socket":	5,
					"start":	5.001829,
					"end":	6.005056,
					"seconds":	1.0032269954681396,
					"bytes":	10021816,
					"bits_per_second":	79916637.3733672,
					"omitted":	false,
					"sender":	true
				}],
			"sum":	{
				"start":	5.001829,
				"end":	6.005056,
				"seconds":	1.0032269954681396,
				"bytes":	10021816,
				"bits_per_second":	79916637.3733672,
				"omitted":	false,
				"sender":	true
			}
		}, {
			"streams":	[{
					"socket":	5,
					"start":	6.005056,
					"end":	7.000038,
					"seconds":	0.99498200416564941,
					"bytes":	37996008,
					"bits_per_second":	305501067.08200717,
					"omitted":	false,
					"sender":	true
				}],
			"sum":	{
				"start":	6.005056,
				"end":	7.000038,
				"seconds":	0.99498200416564941,
				"bytes":	37996008,
				"bits_per_second":	305501067.08200717,
				"omitted":	false,
				"sender":	true
			}
		}, {
			"streams":	[{
					"socket":	5,
					"start":	7.000038,
					"end":	8.00083,
					"seconds":	1.0007920265197754,
					"bytes":	35115784,
					"bits_per_second":	280703947.02974683,
					"omitted":	false,
					"sender":	true
				}],
			"sum":	{
				"start":	7.000038,
				"end":	8.00083,
				"seconds":	1.0007920265197754,
				"bytes":	35115784,
				"bits_per_second":	280703947.02974683,
				"omitted":	false,
				"sender":	true
			}
		}, {
			"streams":	[{
					"socket":	5,
					"start":	8.00083,
					"end":	9.000045,
					"seconds":	0.999215006828308,
					"bytes":	42729488,
					"bits_per_second":	342104453.66012859,
					"omitted":	false,
					"sender":	true
				}],
			"sum":	{
				"start":	8.00083,
				"end":	9.000045,
				"seconds":	0.999215006828308,
				"bytes":	42729488,
				"bits_per_second":	342104453.66012859,
				"omitted":	false,
				"sender":	true
			}
		}, {
			"streams":	[{
					"socket":	5,
					"start":	9.000045,
					"end":	10.001513,
					"seconds":	1.0014679431915283,
					"bytes":	43019384,
					"bits_per_second":	343650612.4232288,
					"omitted":	false,
					"sender":	true
				}],
			"sum":	{
				"start":	9.000045,
				"end":	10.001513,
				"seconds":	1.0014679431915283,
				"bytes":	43019384,
				"bits_per_second":	343650612.4232288,
				"omitted":	false,
				"sender":	true
			}
		}],
	"end":	{
		"streams":	[{
				"sender":	{
					"socket":	5,
					"start":	0,
					"end":	10.001513,
					"seconds":	10.001513,
					"bytes":	367553656,
					"bits_per_second":	293998442.835599,
					"sender":	true
				},
				"receiver":	{
					"socket":	5,
					"start":	0,
					"end":	10.020039,
					"seconds":	10.001513,
					"bytes":	366427784,
					"bits_per_second":	292555974.283134,
					"sender":	true
				}
			}],
		"sum_sent":	{
			"start":	0,
			"end":	10.001513,
			"seconds":	10.001513,
			"bytes":	367553656,
			"bits_per_second":	293998442.835599,
			"sender":	true
		},
		"sum_received":	{
			"start":	0,
			"end":	10.020039,
			"seconds":	10.020039,
			"bytes":	366427784,
			"bits_per_second":	292555974.283134,
			"sender":	true
		},
		"cpu_utilization_percent":	{
			"host_total":	13.609820725517963,
			"host_user":	2.0054908841005945,
			"host_system":	11.6043398201258,
			"remote_total":	4.30538225288573,
			"remote_user":	0.38906086927759786,
			"remote_system":	3.9163276718670779
		},
		"receiver_tcp_congestion":	"bbr2"
	}
}
