{
	"start":	{
		"connected":	[{
				"socket":	5,
				"local_host":	"192.168.128.3",
				"local_port":	60460,
				"remote_host":	"192.168.128.2",
				"remote_port":	5201
			}],
		"version":	"iperf 3.12",
		"system_info":	"Darwin laputa.local 22.2.0 Darwin Kernel Version 22.2.0: Fri Nov 11 02:04:44 PST 2022; root:xnu-8792.61.2~4/RELEASE_ARM64_T8103 arm64",
		"timestamp":	{
			"time":	"Tue, 06 Jun 2023 23:57:15 UTC",
			"timesecs":	1686095835
		},
		"connecting_to":	{
			"host":	"192.168.128.2",
			"port":	5201
		},
		"cookie":	"ikzs7pf2sxqdh6sw5dcg67iiaizyoptfuhaz",
		"tcp_mss_default":	1448,
		"target_bitrate":	0,
		"sock_bufsize":	0,
		"sndbuf_actual":	131072,
		"rcvbuf_actual":	131072,
		"test_start":	{
			"protocol":	"TCP",
			"num_streams":	1,
			"blksize":	131072,
			"omit":	0,
			"duration":	10,
			"bytes":	0,
			"blocks":	0,
			"reverse":	0,
			"tos":	0,
			"target_bitrate":	0
		}
	},
	"intervals":	[{
			"streams":	[{
					"socket":	5,
					"start":	0,
					"end":	1.001324,
					"seconds":	1.0013240575790405,
					"bytes":	58219824,
					"bits_per_second":	465142716.26119888,
					"omitted":	false,
					"sender":	true
				}],
			"sum":	{
				"start":	0,
				"end":	1.001324,
				"seconds":	1.0013240575790405,
				"bytes":	58219824,
				"bits_per_second":	465142716.26119888,
				"omitted":	false,
				"sender":	true
			}
		}, {
			"streams":	[{
					"socket":	5,
					"start":	1.001324,
					"end":	2.000244,
					"seconds":	0.9989200234413147,
					"bytes":	56078144,
					"bits_per_second":	449110180.46717149,
					"omitted":	false,
					"sender":	true
				}],
			"sum":	{
				"start":	1.001324,
				"end":	2.000244,
				"seconds":	0.9989200234413147,
				"bytes":	56078144,
				"bits_per_second":	449110180.46717149,
				"omitted":	false,
				"sender":	true
			}
		}, {
			"streams":	[{
					"socket":	5,
					"start":	2.000244,
					"end":	3.00352,
					"seconds":	1.003275990486145,
					"bytes":	55842120,
					"bits_per_second":	445278232.74583715,
					"omitted":	false,
					"sender":	true
				}],
			"sum":	{
				"start":	2.000244,
				"end":	3.00352,
				"seconds":	1.003275990486145,
				"bytes":	55842120,
				"bits_per_second":	445278232.74583715,
				"omitted":	false,
				"sender":	true
			}
		}, {
			"streams":	[{
					"socket":	5,
					"start":	3.00352,
					"end":	4.001314,
					"seconds":	0.997793972492218,
					"bytes":	61201992,
					"bits_per_second":	490698430.23512411,
					"omitted":	false,
					"sender":	true
				}],
			"sum":	{
				"start":	3.00352,
				"end":	4.001314,
				"seconds":	0.997793972492218,
				"bytes":	61201992,
				"bits_per_second":	490698430.23512411,
				"omitted":	false,
				"sender":	true
			}
		}, {
			"streams":	[{
					"socket":	5,
					"start":	4.001314,
					"end":	5.000381,
					"seconds":	0.99906700849533081,
					"bytes":	60891920,
					"bits_per_second":	487590277.58674771,
					"omitted":	false,
					"sender":	true
				}],
			"sum":	{
				"start":	4.001314,
				"end":	5.000381,
				"seconds":	0.99906700849533081,
				"bytes":	60891920,
				"bits_per_second":	487590277.58674771,
				"omitted":	false,
				"sender":	true
			}
		}, {
			"streams":	[{
					"socket":	5,
					"start":	5.000381,
					"end":	6.001828,
					"seconds":	1.0014469623565674,
					"bytes":	64263688,
					"bits_per_second":	513366681.73641151,
					"omitted":	false,
					"sender":	true
				}],
			"sum":	{
				"start":	5.000381,
				"end":	6.001828,
				"seconds":	1.0014469623565674,
				"bytes":	64263688,
				"bits_per_second":	513366681.73641151,
				"omitted":	false,
				"sender":	true
			}
		}, {
			"streams":	[{
					"socket":	5,
					"start":	6.001828,
					"end":	7.000124,
					"seconds":	0.998296022415161,
					"bytes":	54417288,
					"bits_per_second":	436081376.8913886,
					"omitted":	false,
					"sender":	true
				}],
			"sum":	{
				"start":	6.001828,
				"end":	7.000124,
				"seconds":	0.998296022415161,
				"bytes":	54417288,
				"bits_per_second":	436081376.8913886,
				"omitted":	false,
				"sender":	true
			}
		}, {
			"streams":	[{
					"socket":	5,
					"start":	7.000124,
					"end":	8.001517,
					"seconds":	1.0013929605484009,
					"bytes":	55740760,
					"bits_per_second":	445305786.60728145,
					"omitted":	false,
					"sender":	true
				}],
			"sum":	{
				"start":	7.000124,
				"end":	8.001517,
				"seconds":	1.0013929605484009,
				"bytes":	55740760,
				"bits_per_second":	445305786.60728145,
				"omitted":	false,
				"sender":	true
			}
		}, {
			"streams":	[{
					"socket":	5,
					"start":	8.001517,
					"end":	9.000013,
					"seconds":	0.99849599599838257,
					"bytes":	48171080,
					"bits_per_second":	385949109.00436324,
					"omitted":	false,
					"sender":	true
				}],
			"sum":	{
				"start":	8.001517,
				"end":	9.000013,
				"seconds":	0.99849599599838257,
				"bytes":	48171080,
				"bits_per_second":	385949109.00436324,
				"omitted":	false,
				"sender":	true
			}
		}, {
			"streams":	[{
					"socket":	5,
					"start":	9.000013,
					"end":	10.004159,
					"seconds":	1.0041459798812866,
					"bytes":	17958792,
					"bits_per_second":	143077141.05172753,
					"omitted":	false,
					"sender":	true
				}],
			"sum":	{
				"start":	9.000013,
				"end":	10.004159,
				"seconds":	1.0041459798812866,
				"bytes":	17958792,
				"bits_per_second":	143077141.05172753,
				"omitted":	false,
				"sender":	true
			}
		}],
	"end":	{
		"streams":	[{
				"sender":	{
					"socket":	5,
					"start":	0,
					"end":	10.004159,
					"seconds":	10.004159,
					"bytes":	532785608,
					"bits_per_second":	426051291.66779536,
					"sender":	true
				},
				"receiver":	{
					"socket":	5,
					"start":	0,
					"end":	10.021024,
					"seconds":	10.004159,
					"bytes":	531480720,
					"bits_per_second":	424292543.35684651,
					"sender":	true
				}
			}],
		"sum_sent":	{
			"start":	0,
			"end":	10.004159,
			"seconds":	10.004159,
			"bytes":	532785608,
			"bits_per_second":	426051291.66779536,
			"sender":	true
		},
		"sum_received":	{
			"start":	0,
			"end":	10.021024,
			"seconds":	10.021024,
			"bytes":	531480720,
			"bits_per_second":	424292543.35684651,
			"sender":	true
		},
		"cpu_utilization_percent":	{
			"host_total":	12.629024894661081,
			"host_user":	1.5730112835506638,
			"host_system":	11.0560834628501,
			"remote_total":	5.8701464646921986,
			"remote_user":	0.72536460559498062,
			"remote_system":	5.1447818590972183
		},
		"receiver_tcp_congestion":	"bbr2"
	}
}
