{
	"start":	{
		"connected":	[{
				"socket":	5,
				"local_host":	"192.168.128.3",
				"local_port":	60456,
				"remote_host":	"192.168.128.2",
				"remote_port":	5201
			}],
		"version":	"iperf 3.12",
		"system_info":	"Darwin laputa.local 22.2.0 Darwin Kernel Version 22.2.0: Fri Nov 11 02:04:44 PST 2022; root:xnu-8792.61.2~4/RELEASE_ARM64_T8103 arm64",
		"timestamp":	{
			"time":	"Tue, 06 Jun 2023 23:56:42 UTC",
			"timesecs":	1686095802
		},
		"connecting_to":	{
			"host":	"192.168.128.2",
			"port":	5201
		},
		"cookie":	"cu46goxur5mmf6a4ggy7l47cjkb6d3taeuyi",
		"tcp_mss_default":	1448,
		"target_bitrate":	0,
		"sock_bufsize":	0,
		"sndbuf_actual":	131072,
		"rcvbuf_actual":	131072,
		"test_start":	{
			"protocol":	"TCP",
			"num_streams":	1,
			"blksize":	131072,
			"omit":	0,
			"duration":	10,
			"bytes":	0,
			"blocks":	0,
			"reverse":	0,
			"tos":	0,
			"target_bitrate":	0
		}
	},
	"intervals":	[{
			"streams":	[{
					"socket":	5,
					"start":	0,
					"end":	1.005027,
					"seconds":	1.0050270557403564,
					"bytes":	39657912,
					"bits_per_second":	315676373.27562982,
					"omitted":	false,
					"sender":	true
				}],
			"sum":	{
				"start":	0,
				"end":	1.005027,
				"seconds":	1.0050270557403564,
				"bytes":	39657912,
				"bits_per_second":	315676373.27562982,
				"omitted":	false,
				"sender":	true
			}
		}, {
			"streams":	[{
					"socket":	5,
					"start":	1.005027,
					"end":	2.004209,
					"seconds":	0.99918198585510254,
					"bytes":	18949808,
					"bits_per_second":	151722575.21262419,
					"omitted":	false,
					"sender":	true
				}],
			"sum":	{
				"start":	1.005027,
				"end":	2.004209,
				"seconds":	0.99918198585510254,
				"bytes":	18949808,
				"bits_per_second":	151722575.21262419,
				"omitted":	false,
				"sender":	true
			}
		}, {
			"streams":	[{
					"socket":	5,
					"start":	2.004209,
					"end":	3.000086,
					"seconds":	0.99587702751159668,
					"bytes":	24741200,
					"bits_per_second":	198749036.81086788,
					"omitted":	false,
					"sender":	true
				}],
			"sum":	{
				"start":	2.004209,
				"end":	3.000086,
				"seconds":	0.99587702751159668,
				"bytes":	24741200,
				"bits_per_second":	198749036.81086788,
				"omitted":	false,
				"sender":	true
			}
		}, {
			"streams":	[{
					"socket":	5,
					"start":	3.000086,
					"end":	4.001805,
					"seconds":	1.0017189979553223,
					"bytes":	53552984,
					"bits_per_second":	427688676.04037213,
					"omitted":	false,
					"sender":	true
				}],
			"sum":	{
				"start":	3.000086,
				"end":	4.001805,
				"seconds":	1.0017189979553223,
				"bytes":	53552984,
				"bits_per_second":	427688676.04037213,
				"omitted":	false,
				"sender":	true
			}
		}, {
			"streams":	[{
					"socket":	5,
					"start":	4.001805,
					"end":	5.00038,
					"seconds":	0.99857497215271,
					"bytes":	52330568,
					"bits_per_second":	419241975.4898259,
					"omitted":	false,
					"sender":	true
				}],
			"sum":	{
				"start":	4.001805,
				"end":	5.00038,
				"seconds":	0.99857497215271,
				"bytes":	52330568,
				"bits_per_second":	419241975.4898259,
				"omitted":	false,
				"sender":	true
			}
		}, {
			"streams":	[{
					"socket":	5,
					"start":	5.00038,
					"end":	6.002677,
					"seconds":	1.002297043800354,
					"bytes":	50953672,
					"bits_per_second":	406695179.35961813,
					"omitted":	false,
					"sender":	true
				}],
			"sum":	{
				"start":	5.00038,
				"end":	6.002677,
				"seconds":	1.002297043800354,
				"bytes":	50953672,
				"bits_per_second":	406695179.35961813,
				"omitted":	false,
				"sender":	true
			}
		}, {
			"streams":	[{
					"socket":	5,
					"start":	6.002677,
					"end":	7.000024,
					"seconds":	0.99734699726104736,
					"bytes":	54498376,
					"bits_per_second":	437146759.55041152,
					"omitted":	false,
					"sender":	true
				}],
			"sum":	{
				"start":	6.002677,
				"end":	7.000024,
				"seconds":	0.99734699726104736,
				"bytes":	54498376,
				"bits_per_second":	437146759.55041152,
				"omitted":	false,
				"sender":	true
			}
		}, {
			"streams":	[{
					"socket":	5,
					"start":	7.000024,
					"end":	8.001868,
					"seconds":	1.001844048500061,
					"bytes":	49413000,
					"bits_per_second":	394576382.01458651,
					"omitted":	false,
					"sender":	true
				}],
			"sum":	{
				"start":	7.000024,
				"end":	8.001868,
				"seconds":	1.001844048500061,
				"bytes":	49413000,
				"bits_per_second":	394576382.01458651,
				"omitted":	false,
				"sender":	true
			}
		}, {
			"streams":	[{
					"socket":	5,
					"start":	8.001868,
					"end":	9.000854,
					"seconds":	0.998986005783081,
					"bytes":	53092368,
					"bits_per_second":	425170063.986089,
					"omitted":	false,
					"sender":	true
				}],
			"sum":	{
				"start":	8.001868,
				"end":	9.000854,
				"seconds":	0.998986005783081,
				"bytes":	53092368,
				"bits_per_second":	425170063.986089,
				"omitted":	false,
				"sender":	true
			}
		}, {
			"streams":	[{
					"socket":	5,
					"start":	9.000854,
					"end":	10.000828,
					"seconds":	0.999974012374878,
					"bytes":	51842744,
					"bits_per_second":	414752730.438477,
					"omitted":	false,
					"sender":	true
				}],
			"sum":	{
				"start":	9.000854,
				"end":	10.000828,
				"seconds":	0.999974012374878,
				"bytes":	51842744,
				"bits_per_second":	414752730.438477,
				"omitted":	false,
				"sender":	true
			}
		}],
	"end":	{
		"streams":	[{
				"sender":	{
					"socket":	5,
					"start":	0,
					"end":	10.000828,
					"seconds":	10.000828,
					"bytes":	449032632,
					"bits_per_second":	359196364.141049,
					"sender":	true
				},
				"receiver":	{
					"socket":	5,
					"start":	0,
					"end":	10.01294,
					"seconds":	10.000828,
					"bytes":	447615448,
					"bits_per_second":	357629585.71608335,
					"sender":	true
				}
			}],
		"sum_sent":	{
			"start":	0,
			"end":	10.000828,
			"seconds":	10.000828,
			"bytes":	449032632,
			"bits_per_second":	359196364.141049,
			"sender":	true
		},
		"sum_received":	{
			"start":	0,
			"end":	10.01294,
			"seconds":	10.01294,
			"bytes":	447615448,
			"bits_per_second":	357629585.71608335,
			"sender":	true
		},
		"cpu_utilization_percent":	{
			"host_total":	21.2194262451371,
			"host_user":	2.16120920379708,
			"host_system":	19.058286921356032,
			"remote_total":	0.62124265862145533,
			"remote_user":	0.056208600959390939,
			"remote_system":	0.56503405766206438
		},
		"receiver_tcp_congestion":	"bbr2"
	}
}
