{
	"start":	{
		"connected":	[{
				"socket":	5,
				"local_host":	"192.168.128.3",
				"local_port":	60472,
				"remote_host":	"192.168.128.2",
				"remote_port":	5201
			}],
		"version":	"iperf 3.12",
		"system_info":	"Darwin laputa.local 22.2.0 Darwin Kernel Version 22.2.0: Fri Nov 11 02:04:44 PST 2022; root:xnu-8792.61.2~4/RELEASE_ARM64_T8103 arm64",
		"timestamp":	{
			"time":	"Tue, 06 Jun 2023 23:59:42 UTC",
			"timesecs":	1686095982
		},
		"connecting_to":	{
			"host":	"192.168.128.2",
			"port":	5201
		},
		"cookie":	"s4jitk4arnd6lvh2gbvqdyufvyletgtc4ory",
		"tcp_mss_default":	1448,
		"target_bitrate":	0,
		"sock_bufsize":	0,
		"sndbuf_actual":	131072,
		"rcvbuf_actual":	131072,
		"test_start":	{
			"protocol":	"TCP",
			"num_streams":	1,
			"blksize":	131072,
			"omit":	0,
			"duration":	10,
			"bytes":	0,
			"blocks":	0,
			"reverse":	0,
			"tos":	0,
			"target_bitrate":	0
		}
	},
	"intervals":	[{
			"streams":	[{
					"socket":	5,
					"start":	0,
					"end":	1.00065,
					"seconds":	1.0006500482559204,
					"bytes":	39630456,
					"bits_per_second":	316837688.213367,
					"omitted":	false,
					"sender":	true
				}],
			"sum":	{
				"start":	0,
				"end":	1.00065,
				"seconds":	1.0006500482559204,
				"bytes":	39630456,
				"bits_per_second":	316837688.213367,
				"omitted":	false,
				"sender":	true
			}
		}, {
			"streams":	[{
					"socket":	5,
					"start":	1.00065,
					"end":	2.002364,
					"seconds":	1.0017139911651611,
					"bytes":	25297024,
					"bits_per_second":	202029914.51142916,
					"omitted":	false,
					"sender":	true
				}],
			"sum":	{
				"start":	1.00065,
				"end":	2.002364,
				"seconds":	1.0017139911651611,
				"bytes":	25297024,
				"bits_per_second":	202029914.51142916,
				"omitted":	false,
				"sender":	true
			}
		}, {
			"streams":	[{
					"socket":	5,
					"start":	2.002364,
					"end":	3.000576,
					"seconds":	0.99821197986602783,
					"bytes":	23040264,
					"bits_per_second":	184652273.98366654,
					"omitted":	false,
					"sender":	true
				}],
			"sum":	{
				"start":	2.002364,
				"end":	3.000576,
				"seconds":	0.99821197986602783,
				"bytes":	23040264,
				"bits_per_second":	184652273.98366654,
				"omitted":	false,
				"sender":	true
			}
		}, {
			"streams":	[{
					"socket":	5,
					"start":	3.000576,
					"end":	4.000016,
					"seconds":	0.99944001436233521,
					"bytes":	36394112,
					"bits_per_second":	291316028.79214513,
					"omitted":	false,
					"sender":	true
				}],
			"sum":	{
				"start":	3.000576,
				"end":	4.000016,
				"seconds":	0.99944001436233521,
				"bytes":	36394112,
				"bits_per_second":	291316028.79214513,
				"omitted":	false,
				"sender":	true
			}
		}, {
			"streams":	[{
					"socket":	5,
					"start":	4.000016,
					"end":	5.001689,
					"seconds":	1.0016729831695557,
					"bytes":	41541672,
					"bits_per_second":	331778316.460538,
					"omitted":	false,
					"sender":	true
				}],
			"sum":	{
				"start":	4.000016,
				"end":	5.001689,
				"seconds":	1.0016729831695557,
				"bytes":	41541672,
				"bits_per_second":	331778316.460538,
				"omitted":	false,
				"sender":	true
			}
		}, {
			"streams":	[{
					"socket":	5,
					"start":	5.001689,
					"end":	6.000357,
					"seconds":	0.99866801500320435,
					"bytes":	22160784,
					"bits_per_second":	177522729.612434,
					"omitted":	false,
					"sender":	true
				}],
			"sum":	{
				"start":	5.001689,
				"end":	6.000357,
				"seconds":	0.99866801500320435,
				"bytes":	22160784,
				"bits_per_second":	177522729.612434,
				"omitted":	false,
				"sender":	true
			}
		}, {
			"streams":	[{
					"socket":	5,
					"start":	6.000357,
					"end":	7.002854,
					"seconds":	1.0024969577789307,
					"bytes":	26153776,
					"bits_per_second":	208709070.26347223,
					"omitted":	false,
					"sender":	true
				}],
			"sum":	{
				"start":	6.000357,
				"end":	7.002854,
				"seconds":	1.0024969577789307,
				"bytes":	26153776,
				"bits_per_second":	208709070.26347223,
				"omitted":	false,
				"sender":	true
			}
		}, {
			"streams":	[{
					"socket":	5,
					"start":	7.002854,
					"end":	8.002533,
					"seconds":	0.99967902898788452,
					"bytes":	34956168,
					"bits_per_second":	279739132.15237528,
					"omitted":	false,
					"sender":	true
				}],
			"sum":	{
				"start":	7.002854,
				"end":	8.002533,
				"seconds":	0.99967902898788452,
				"bytes":	34956168,
				"bits_per_second":	279739132.15237528,
				"omitted":	false,
				"sender":	true
			}
		}, {
			"streams":	[{
					"socket":	5,
					"start":	8.002533,
					"end":	9.000263,
					"seconds":	0.997730016708374,
					"bytes":	35225496,
					"bits_per_second":	282445113.68887514,
					"omitted":	false,
					"sender":	true
				}],
			"sum":	{
				"start":	8.002533,
				"end":	9.000263,
				"seconds":	0.997730016708374,
				"bytes":	35225496,
				"bits_per_second":	282445113.68887514,
				"omitted":	false,
				"sender":	true
			}
		}, {
			"streams":	[{
					"socket":	5,
					"start":	9.000263,
					"end":	10.000982,
					"seconds":	1.0007189512252808,
					"bytes":	35878544,
					"bits_per_second":	286822140.87038356,
					"omitted":	false,
					"sender":	true
				}],
			"sum":	{
				"start":	9.000263,
				"end":	10.000982,
				"seconds":	1.0007189512252808,
				"bytes":	35878544,
				"bits_per_second":	286822140.87038356,
				"omitted":	false,
				"sender":	true
			}
		}],
	"end":	{
		"streams":	[{
				"sender":	{
					"socket":	5,
					"start":	0,
					"end":	10.000982,
					"seconds":	10.000982,
					"bytes":	320278296,
					"bits_per_second":	256197478.20764,
					"sender":	true
				},
				"receiver":	{
					"socket":	5,
					"start":	0,
					"end":	10.028058,
					"seconds":	10.000982,
					"bytes":	317991776,
					"bits_per_second":	253681640.85209718,
					"sender":	true
				}
			}],
		"sum_sent":	{
			"start":	0,
			"end":	10.000982,
			"seconds":	10.000982,
			"bytes":	320278296,
			"bits_per_second":	256197478.20764,
			"sender":	true
		},
		"sum_received":	{
			"start":	0,
			"end":	10.028058,
			"seconds":	10.028058,
			"bytes":	317991776,
			"bits_per_second":	253681640.85209718,
			"sender":	true
		},
		"cpu_utilization_percent":	{
			"host_total":	13.577837103332454,
			"host_user":	1.5673374052791404,
			"host_system":	12.010509681412055,
			"remote_total":	4.44121372917836,
			"remote_user":	0.4495846772483203,
			"remote_system":	3.9916228506765439
		},
		"receiver_tcp_congestion":	"bbr2"
	}
}
