{
	"start":	{
		"connected":	[{
				"socket":	5,
				"local_host":	"192.168.128.3",
				"local_port":	60468,
				"remote_host":	"192.168.128.2",
				"remote_port":	5201
			}],
		"version":	"iperf 3.12",
		"system_info":	"Darwin laputa.local 22.2.0 Darwin Kernel Version 22.2.0: Fri Nov 11 02:04:44 PST 2022; root:xnu-8792.61.2~4/RELEASE_ARM64_T8103 arm64",
		"timestamp":	{
			"time":	"Tue, 06 Jun 2023 23:59:10 UTC",
			"timesecs":	1686095950
		},
		"connecting_to":	{
			"host":	"192.168.128.2",
			"port":	5201
		},
		"cookie":	"evav2coe57b327w2ey5p325h4vdbhftmxfgf",
		"tcp_mss_default":	1448,
		"target_bitrate":	0,
		"sock_bufsize":	0,
		"sndbuf_actual":	131072,
		"rcvbuf_actual":	131072,
		"test_start":	{
			"protocol":	"TCP",
			"num_streams":	1,
			"blksize":	131072,
			"omit":	0,
			"duration":	10,
			"bytes":	0,
			"blocks":	0,
			"reverse":	0,
			"tos":	0,
			"target_bitrate":	0
		}
	},
	"intervals":	[{
			"streams":	[{
					"socket":	5,
					"start":	0,
					"end":	1.000677,
					"seconds":	1.0006769895553589,
					"bytes":	48283648,
					"bits_per_second":	386007860.710013,
					"omitted":	false,
					"sender":	true
				}],
			"sum":	{
				"start":	0,
				"end":	1.000677,
				"seconds":	1.0006769895553589,
				"bytes":	48283648,
				"bits_per_second":	386007860.710013,
				"omitted":	false,
				"sender":	true
			}
		}, {
			"streams":	[{
					"socket":	5,
					"start":	1.000677,
					"end":	2.000025,
					"seconds":	0.999347984790802,
					"bytes":	45406384,
					"bits_per_second":	363488071.75114381,
					"omitted":	false,
					"sender":	true
				}],
			"sum":	{
				"start":	1.000677,
				"end":	2.000025,
				"seconds":	0.999347984790802,
				"bytes":	45406384,
				"bits_per_second":	363488071.75114381,
				"omitted":	false,
				"sender":	true
			}
		}, {
			"streams":	[{
					"socket":	5,
					"start":	2.000025,
					"end":	3.000061,
					"seconds":	1.0000360012054443,
					"bytes":	32372952,
					"bits_per_second":	258974292.61328682,
					"omitted":	false,
					"sender":	true
				}],
			"sum":	{
				"start":	2.000025,
				"end":	3.000061,
				"seconds":	1.0000360012054443,
				"bytes":	32372952,
				"bits_per_second":	258974292.61328682,
				"omitted":	false,
				"sender":	true
			}
		}, {
			"streams":	[{
					"socket":	5,
					"start":	3.000061,
					"end":	4.001018,
					"seconds":	1.0009570121765137,
					"bytes":	14049840,
					"bits_per_second":	112291255.90078694,
					"omitted":	false,
					"sender":	true
				}],
			"sum":	{
				"start":	3.000061,
				"end":	4.001018,
				"seconds":	1.0009570121765137,
				"bytes":	14049840,
				"bits_per_second":	112291255.90078694,
				"omitted":	false,
				"sender":	true
			}
		}, {
			"streams":	[{
					"socket":	5,
					"start":	4.001018,
					"end":	5.000088,
					"seconds":	0.99906998872756958,
					"bytes":	18656504,
					"bits_per_second":	149390967.283573,
					"omitted":	false,
					"sender":	true
				}],
			"sum":	{
				"start":	4.001018,
				"end":	5.000088,
				"seconds":	0.99906998872756958,
				"bytes":	18656504,
				"bits_per_second":	149390967.283573,
				"omitted":	false,
				"sender":	true
			}
		}, {
			"streams":	[{
					"socket":	5,
					"start":	5.000088,
					"end":	6.001889,
					"seconds":	1.0018010139465332,
					"bytes":	46248616,
					"bits_per_second":	369323770.73811442,
					"omitted":	false,
					"sender":	true
				}],
			"sum":	{
				"start":	5.000088,
				"end":	6.001889,
				"seconds":	1.0018010139465332,
				"bytes":	46248616,
				"bits_per_second":	369323770.73811442,
				"omitted":	false,
				"sender":	true
			}
		}, {
			"streams":	[{
					"socket":	5,
					"start":	6.001889,
					"end":	7.000543,
					"seconds":	0.998654007911682,
					"bytes":	43685216,
					"bits_per_second":	349952761.64846385,
					"omitted":	false,
					"sender":	true
				}],
			"sum":	{
				"start":	6.001889,
				"end":	7.000543,
				"seconds":	0.998654007911682,
				"bytes":	43685216,
				"bits_per_second":	349952761.64846385,
				"omitted":	false,
				"sender":	true
			}
		}, {
			"streams":	[{
					"socket":	5,
					"start":	7.000543,
					"end":	8.002754,
					"seconds":	1.0022109746932983,
					"bytes":	45276064,
					"bits_per_second":	361409444.86348784,
					"omitted":	false,
					"sender":	true
				}],
			"sum":	{
				"start":	7.000543,
				"end":	8.002754,
				"seconds":	1.0022109746932983,
				"bytes":	45276064,
				"bits_per_second":	361409444.86348784,
				"omitted":	false,
				"sender":	true
			}
		}, {
			"streams":	[{
					"socket":	5,
					"start":	8.002754,
					"end":	9.001583,
					"seconds":	0.99882900714874268,
					"bytes":	32777120,
					"bits_per_second":	262524374.16542852,
					"omitted":	false,
					"sender":	true
				}],
			"sum":	{
				"start":	8.002754,
				"end":	9.001583,
				"seconds":	0.99882900714874268,
				"bytes":	32777120,
				"bits_per_second":	262524374.16542852,
				"omitted":	false,
				"sender":	true
			}
		}, {
			"streams":	[{
					"socket":	5,
					"start":	9.001583,
					"end":	10.000061,
					"seconds":	0.9984779953956604,
					"bytes":	43111304,
					"bits_per_second":	345416156.98133886,
					"omitted":	false,
					"sender":	true
				}],
			"sum":	{
				"start":	9.001583,
				"end":	10.000061,
				"seconds":	0.9984779953956604,
				"bytes":	43111304,
				"bits_per_second":	345416156.98133886,
				"omitted":	false,
				"sender":	true
			}
		}],
	"end":	{
		"streams":	[{
				"sender":	{
					"socket":	5,
					"start":	0,
					"end":	10.000061,
					"seconds":	10.000061,
					"bytes":	369867648,
					"bits_per_second":	295892313.4568879,
					"sender":	true
				},
				"receiver":	{
					"socket":	5,
					"start":	0,
					"end":	10.020584,
					"seconds":	10.000061,
					"bytes":	368209640,
					"bits_per_second":	293962619.34434164,
					"sender":	true
				}
			}],
		"sum_sent":	{
			"start":	0,
			"end":	10.000061,
			"seconds":	10.000061,
			"bytes":	369867648,
			"bits_per_second":	295892313.4568879,
			"sender":	true
		},
		"sum_received":	{
			"start":	0,
			"end":	10.020584,
			"seconds":	10.020584,
			"bytes":	368209640,
			"bits_per_second":	293962619.34434164,
			"sender":	true
		},
		"cpu_utilization_percent":	{
			"host_total":	13.984832256186921,
			"host_user":	1.7711037593600758,
			"host_system":	12.213718516472175,
			"remote_total":	1.6984382942429272,
			"remote_user":	0.15497394147562846,
			"remote_system":	1.5434619892787906
		},
		"receiver_tcp_congestion":	"bbr2"
	}
}
