{
	"start":	{
		"connected":	[{
				"socket":	5,
				"local_host":	"192.168.128.3",
				"local_port":	60470,
				"remote_host":	"192.168.128.2",
				"remote_port":	5201
			}],
		"version":	"iperf 3.12",
		"system_info":	"Darwin laputa.local 22.2.0 Darwin Kernel Version 22.2.0: Fri Nov 11 02:04:44 PST 2022; root:xnu-8792.61.2~4/RELEASE_ARM64_T8103 arm64",
		"timestamp":	{
			"time":	"Tue, 06 Jun 2023 23:59:26 UTC",
			"timesecs":	1686095966
		},
		"connecting_to":	{
			"host":	"192.168.128.2",
			"port":	5201
		},
		"cookie":	"itkguvwhkzq3p43eo26zfzijamf2xdvkn7al",
		"tcp_mss_default":	1448,
		"target_bitrate":	0,
		"sock_bufsize":	0,
		"sndbuf_actual":	131072,
		"rcvbuf_actual":	131072,
		"test_start":	{
			"protocol":	"TCP",
			"num_streams":	1,
			"blksize":	131072,
			"omit":	0,
			"duration":	10,
			"bytes":	0,
			"blocks":	0,
			"reverse":	0,
			"tos":	0,
			"target_bitrate":	0
		}
	},
	"intervals":	[{
			"streams":	[{
					"socket":	5,
					"start":	0,
					"end":	1.005001,
					"seconds":	1.0050009489059448,
					"bytes":	27027800,
					"bits_per_second":	215146463.52859876,
					"omitted":	false,
					"sender":	true
				}],
			"sum":	{
				"start":	0,
				"end":	1.005001,
				"seconds":	1.0050009489059448,
				"bytes":	27027800,
				"bits_per_second":	215146463.52859876,
				"omitted":	false,
				"sender":	true
			}
		}, {
			"streams":	[{
					"socket":	5,
					"start":	1.005001,
					"end":	2.000679,
					"seconds":	0.99567800760269165,
					"bytes":	11647152,
					"bits_per_second":	93581675.289127,
					"omitted":	false,
					"sender":	true
				}],
			"sum":	{
				"start":	1.005001,
				"end":	2.000679,
				"seconds":	0.99567800760269165,
				"bytes":	11647152,
				"bits_per_second":	93581675.289127,
				"omitted":	false,
				"sender":	true
			}
		}, {
			"streams":	[{
					"socket":	5,
					"start":	2.000679,
					"end":	3.00001,
					"seconds":	0.999330997467041,
					"bytes":	25452400,
					"bits_per_second":	203755512.95427075,
					"omitted":	false,
					"sender":	true
				}],
			"sum":	{
				"start":	2.000679,
				"end":	3.00001,
				"seconds":	0.999330997467041,
				"bytes":	25452400,
				"bits_per_second":	203755512.95427075,
				"omitted":	false,
				"sender":	true
			}
		}, {
			"streams":	[{
					"socket":	5,
					"start":	3.00001,
					"end":	4.000035,
					"seconds":	1.0000250339508057,
					"bytes":	46018888,
					"bits_per_second":	368141887.95408744,
					"omitted":	false,
					"sender":	true
				}],
			"sum":	{
				"start":	3.00001,
				"end":	4.000035,
				"seconds":	1.0000250339508057,
				"bytes":	46018888,
				"bits_per_second":	368141887.95408744,
				"omitted":	false,
				"sender":	true
			}
		}, {
			"streams":	[{
					"socket":	5,
					"start":	4.000035,
					"end":	5.000521,
					"seconds":	1.0004860162734985,
					"bytes":	46637104,
					"bits_per_second":	372915588.95512652,
					"omitted":	false,
					"sender":	true
				}],
			"sum":	{
				"start":	4.000035,
				"end":	5.000521,
				"seconds":	1.0004860162734985,
				"bytes":	46637104,
				"bits_per_second":	372915588.95512652,
				"omitted":	false,
				"sender":	true
			}
		}, {
			"streams":	[{
					"socket":	5,
					"start":	5.000521,
					"end":	6.000587,
					"seconds":	1.0000660419464111,
					"bytes":	42496816,
					"bits_per_second":	339952076.90315479,
					"omitted":	false,
					"sender":	true
				}],
			"sum":	{
				"start":	5.000521,
				"end":	6.000587,
				"seconds":	1.0000660419464111,
				"bytes":	42496816,
				"bits_per_second":	339952076.90315479,
				"omitted":	false,
				"sender":	true
			}
		}, {
			"streams":	[{
					"socket":	5,
					"start":	6.000587,
					"end":	7.002578,
					"seconds":	1.0019910335540771,
					"bytes":	39965848,
					"bits_per_second":	319091462.19195628,
					"omitted":	false,
					"sender":	true
				}],
			"sum":	{
				"start":	6.000587,
				"end":	7.002578,
				"seconds":	1.0019910335540771,
				"bytes":	39965848,
				"bits_per_second":	319091462.19195628,
				"omitted":	false,
				"sender":	true
			}
		}, {
			"streams":	[{
					"socket":	5,
					"start":	7.002578,
					"end":	8.001706,
					"seconds":	0.999127984046936,
					"bytes":	32115192,
					"bits_per_second":	257145771.21476221,
					"omitted":	false,
					"sender":	true
				}],
			"sum":	{
				"start":	7.002578,
				"end":	8.001706,
				"seconds":	0.999127984046936,
				"bytes":	32115192,
				"bits_per_second":	257145771.21476221,
				"omitted":	false,
				"sender":	true
			}
		}, {
			"streams":	[{
					"socket":	5,
					"start":	8.001706,
					"end":	9.002298,
					"seconds":	1.0005919933319092,
					"bytes":	25076384,
					"bits_per_second":	200492381.84684807,
					"omitted":	false,
					"sender":	true
				}],
			"sum":	{
				"start":	8.001706,
				"end":	9.002298,
				"seconds":	1.0005919933319092,
				"bytes":	25076384,
				"bits_per_second":	200492381.84684807,
				"omitted":	false,
				"sender":	true
			}
		}, {
			"streams":	[{
					"socket":	5,
					"start":	9.002298,
					"end":	10.000039,
					"seconds":	0.9977409839630127,
					"bytes":	42791928,
					"bits_per_second":	343110516.158461,
					"omitted":	false,
					"sender":	true
				}],
			"sum":	{
				"start":	9.002298,
				"end":	10.000039,
				"seconds":	0.9977409839630127,
				"bytes":	42791928,
				"bits_per_second":	343110516.158461,
				"omitted":	false,
				"sender":	true
			}
		}],
	"end":	{
		"streams":	[{
				"sender":	{
					"socket":	5,
					"start":	0,
					"end":	10.000039,
					"seconds":	10.000039,
					"bytes":	339229512,
					"bits_per_second":	271382551.20805031,
					"sender":	true
				},
				"receiver":	{
					"socket":	5,
					"start":	0,
					"end":	10.009991,
					"seconds":	10.000039,
					"bytes":	337258008,
					"bits_per_second":	269537111.87152916,
					"sender":	true
				}
			}],
		"sum_sent":	{
			"start":	0,
			"end":	10.000039,
			"seconds":	10.000039,
			"bytes":	339229512,
			"bits_per_second":	271382551.20805031,
			"sender":	true
		},
		"sum_received":	{
			"start":	0,
			"end":	10.009991,
			"seconds":	10.009991,
			"bytes":	337258008,
			"bits_per_second":	269537111.87152916,
			"sender":	true
		},
		"cpu_utilization_percent":	{
			"host_total":	16.736406085238819,
			"host_user":	2.2590717527055832,
			"host_system":	14.477324385626838,
			"remote_total":	4.252602402697,
			"remote_user":	0.4214774822403119,
			"remote_system":	3.8311185905403069
		},
		"receiver_tcp_congestion":	"bbr2"
	}
}
